price_t0,price_t1,price_t2,price_t3,price_t4,price_t5,price_t6,price_t7,price_t8,price_t9,crossings_05,price_early,price_mid,price_late,duration_minutes,volume,coin,label
0.53,0.775,0.715,0.795,0.8,0.705,0.805,0.75,0.445,0.02,3,0.665,0.73,0.42,240,23179.191042000017,0,0
0.525,0.585,0.67,0.87,0.845,0.925,0.965,0.9885,0.98,0.9995,2,0.435,0.925,0.9055,240,15184.217099000007,0,1
0.505,0.7,0.835,0.895,0.955,0.975,0.961,0.982,0.9955,0.9995,2,0.555,0.94,0.999,240,21119.300260000004,0,1
0.495,0.355,0.495,0.325,0.115,0.115,0.165,0.205,0.065,0.0005,6,0.48,0.155,0.0125,240,30317.465844999977,0,0
0.525,0.355,0.355,0.355,0.495,0.65,0.475,0.33,0.135,0.825,10,0.43,0.595,0.375,240,14542.477575000003,0,1
0.53,0.295,0.43,0.28,0.305,0.2,0.105,0.365,0.665,0.9995,4,0.505,0.23,0.96,240,28600.27732600007,0,1
0.51,0.36,0.455,0.205,0.155,0.095,0.095,0.12,0.065,0.0005,7,0.5,0.15,0.01,240,20390.321335,0,0
0.54,0.59,0.51,0.28,0.09,0.075,0.07,0.035,0.097,0.0005,5,0.435,0.09,0.006,240,54131.199274999984,0,0
0.52,0.535,0.455,0.215,0.42,0.355,0.385,0.5,0.235,0.0005,15,0.485,0.395,0.05,240,18780.35837299999,0,0
0.535,0.345,0.4,0.455,0.485,0.61,0.685,0.865,0.95,0.9995,8,0.54,0.64,0.9925,240,12831.104986000004,0,1
0.49,0.505,0.465,0.34,0.125,0.095,0.1,0.025,0.006,0.0005,8,0.405,0.11,0.0005,240,82653.847814,0,0
0.495,0.335,0.435,0.31,0.335,0.635,0.495,0.22,0.015,0.0005,6,0.365,0.585,0.001,240,38742.49983900002,0,0
0.525,0.595,0.585,0.61,0.47,0.4,0.96,0.9915,0.9945,0.9995,14,0.575,0.39,0.999,240,28631.776431000006,0,1
0.56,0.545,0.685,0.725,0.82,0.815,0.875,0.82,0.535,0.935,18,0.465,0.82,0.405,240,16106.367228000003,0,1
0.535,0.455,0.655,0.485,0.455,0.53,0.425,0.175,0.09,0.0005,15,0.46,0.41,0.0065,240,10864.414486000003,0,0
0.455,0.52,0.485,0.45,0.45,0.685,0.88,0.975,0.965,0.9995,9,0.505,0.44,0.9915,240,36254.676831000004,0,1
0.5,0.37,0.475,0.58,0.745,0.835,0.775,0.62,0.715,0.055,7,0.405,0.805,0.915,240,20991.213922000017,0,0
0.515,0.595,0.835,0.84,0.88,0.875,0.92,0.975,0.945,0.9995,6,0.52,0.895,0.9975,240,23960.399595,0,1
0.53,0.675,0.74,0.765,0.85,0.89,0.905,0.945,0.981,0.9995,0,0.675,0.865,0.997,240,21845.23749600006,0,1
0.485,0.285,0.245,0.225,0.12,0.03,0.0185,0.0085,0.0005,0.0005,0,0.385,0.05,0.0005,240,35195.229316,0,0
0.505,0.545,0.51,0.695,0.76,0.735,0.88,0.98,0.995,0.9995,8,0.42,0.855,0.9985,240,35875.09801299999,0,1
0.515,0.54,0.57,0.44,0.355,0.665,0.615,0.895,0.875,0.95,10,0.6,0.655,0.915,240,17631.983282,0,1
0.495,0.39,0.49,0.405,0.345,0.835,0.865,0.905,0.988,0.9995,7,0.535,0.45,0.9975,240,21299.273087999998,0,1
0.495,0.395,0.395,0.69,0.715,0.905,0.985,0.986,0.9965,0.9995,1,0.435,0.885,0.9995,240,36145.102554,0,1
0.525,0.585,0.565,0.615,0.715,0.765,0.835,0.89,0.9865,0.9995,4,0.555,0.635,0.994,240,21010.476043000002,0,1
0.505,0.405,0.32,0.3,0.23,0.175,0.095,0.03,0.0065,0.0005,3,0.535,0.17,0.0015,240,26315.605030999996,0,0
0.505,0.59,0.735,0.57,0.71,0.46,0.285,0.1,0.0095,0.0005,7,0.52,0.475,0.0015,240,24594.254437000003,0,0
0.51,0.52,0.575,0.575,0.38,0.205,0.055,0.0525,0.0395,0.0005,3,0.52,0.315,0.0005,240,91372.86381399995,0,0
0.505,0.595,0.43,0.295,0.34,0.37,0.315,0.22,0.225,0.54,6,0.51,0.34,0.11,240,15446.927113000003,0,1
0.505,0.525,0.36,0.355,0.24,0.13,0.06,0.0245,0.019,0.0005,1,0.625,0.155,0.0015,240,20785.828314999995,0,0
0.505,0.41,0.35,0.82,0.88,0.855,0.915,0.755,0.955,0.9995,10,0.51,0.92,0.995,240,22072.00256499999,0,1
0.505,0.465,0.595,0.53,0.31,0.46,0.46,0.275,0.59,0.96,22,0.505,0.455,0.84,240,18080.247728,0,1
0.51,0.595,0.53,0.57,0.225,0.15,0.07,0.018,0.0055,0.0005,1,0.71,0.155,0.0015,240,28352.069509000004,0,0
0.505,0.435,0.385,0.27,0.165,0.105,0.065,0.0165,0.004,0.0005,3,0.395,0.11,0.003,240,37966.47885499999,0,0
0.485,0.305,0.37,0.525,0.745,0.565,0.63,0.375,0.84,0.9995,7,0.565,0.635,0.965,240,11045.033716,0,1
0.485,0.595,0.665,0.55,0.31,0.16,0.44,0.565,0.79,0.885,11,0.56,0.315,0.82,240,18110.965036999994,0,1
0.505,0.485,0.72,0.715,0.815,0.895,0.91,0.95,0.96,0.9995,6,0.49,0.825,0.963,240,16620.364427999997,0,1
0.55,0.585,0.585,0.87,0.905,0.945,0.982,0.9945,0.9985,0.9995,0,0.58,0.925,0.999,240,14101.665755,0,1
0.495,0.575,0.785,0.89,0.795,0.875,0.865,0.935,0.951,0.9995,5,0.445,0.795,0.991,240,34524.874078,0,1
0.505,0.595,0.705,0.565,0.53,0.545,0.305,0.31,0.41,0.0005,3,0.565,0.62,0.03,240,24267.845548999994,0,0
0.5,0.23,0.385,0.205,0.095,0.075,0.065,0.135,0.0135,0.0005,3,0.325,0.115,0.002,240,22021.196211,0,0
0.505,0.435,0.685,0.455,0.685,0.735,0.805,0.885,0.991,0.9995,10,0.625,0.71,0.9985,240,23567.531546,0,1
0.505,0.44,0.535,0.72,0.76,0.605,0.365,0.805,0.915,0.9995,8,0.595,0.795,0.992,240,26791.784561000008,0,1
0.515,0.615,0.73,0.6,0.305,0.205,0.07,0.03,0.002,0.0005,1,0.6,0.275,0.0005,240,60760.144522000024,0,0
0.44,0.425,0.395,0.335,0.33,0.15,0.14,0.045,0.03,0.9995,3,0.495,0.29,0.928,240,25851.52782499999,0,1
0.57,0.41,0.555,0.565,0.46,0.39,0.23,0.555,0.715,0.995,20,0.555,0.505,0.725,240,18850.038413000002,0,1
0.505,0.625,0.495,0.325,0.49,0.715,0.685,0.895,0.9575,0.9995,14,0.515,0.555,0.998,240,25693.740923000005,0,1
0.465,0.52,0.52,0.275,0.29,0.12,0.085,0.045,0.0065,0.0005,8,0.585,0.23,0.0055,240,21573.006027999996,0,0
0.505,0.335,0.355,0.395,0.365,0.92,0.93,0.92,0.885,0.9995,2,0.475,0.695,0.995,240,10617.68718,0,1
0.565,0.685,0.765,0.8,0.805,0.86,0.75,0.725,0.96,0.9995,2,0.505,0.725,0.985,240,8840.843826000002,0,1
0.51,0.63,0.435,0.595,0.595,0.42,0.47,0.535,0.73,0.86,24,0.485,0.44,0.755,240,11570.933140000003,0,1
0.57,0.38,0.56,0.365,0.265,0.265,0.675,0.755,0.895,0.9995,8,0.525,0.355,0.98,240,31520.763753000017,0,1
0.565,0.57,0.565,0.235,0.355,0.235,0.215,0.105,0.08,0.0075,3,0.62,0.315,0.045,240,33740.42948999999,0,0
0.51,0.55,0.37,0.45,0.48,0.34,0.225,0.08,0.0145,0.0005,3,0.525,0.435,0.004,240,38867.530981000025,0,0
0.535,0.615,0.615,0.635,0.795,0.89,0.705,0.465,0.52,0.615,12,0.545,0.835,0.32,240,32266.091257000007,0,0
0.5,0.415,0.38,0.185,0.055,0.0275,0.0055,0.0065,0.0005,0.0005,1,0.465,0.0255,0.0005,240,77335.31488200004,0,0
0.5,0.305,0.27,0.195,0.14,0.215,0.1,0.235,0.08,0.0005,1,0.395,0.145,0.045,240,12478.408752000001,0,0
0.5,0.395,0.32,0.27,0.095,0.045,0.0615,0.038,0.122,0.0005,5,0.505,0.065,0.026,240,24199.45628500002,0,0
0.5,0.655,0.405,0.57,0.75,0.855,0.745,0.88,0.69,0.97,2,0.645,0.81,0.87,240,25797.764698000017,0,1
0.505,0.615,0.765,0.77,0.84,0.86,0.975,0.996,0.9995,0.9995,0,0.595,0.76,0.9995,240,16595.692661999998,0,1
0.5,0.505,0.59,0.585,0.345,0.385,0.275,0.145,0.006,0.0005,7,0.6,0.355,0.001,240,34873.810055,0,0
0.505,0.765,0.865,0.885,0.9665,0.983,0.9865,0.995,0.9985,0.9995,2,0.67,0.9655,0.9995,240,37269.920321,0,1
0.585,0.635,0.755,0.845,0.925,0.9695,0.9885,0.9845,0.9935,0.9995,2,0.505,0.955,0.9995,240,71102.171547,0,1
0.55,0.38,0.345,0.365,0.105,0.08,0.055,0.0205,0.0005,0.0005,1,0.505,0.095,0.0005,240,58982.86619000001,0,0
0.485,0.625,0.725,0.765,0.81,0.69,0.29,0.035,0.0065,0.0005,6,0.495,0.855,0.0015,240,17842.63921000001,0,0
0.5,0.425,0.44,0.285,0.18,0.185,0.2,0.06,0.0075,0.0005,3,0.395,0.135,0.0035,240,24941.712144999994,0,0
0.555,0.465,0.2,0.54,0.69,0.73,0.91,0.955,0.993,0.9995,12,0.495,0.72,0.998,240,32807.77406099999,0,1
0.505,0.525,0.615,0.465,0.565,0.38,0.44,0.175,0.0225,0.0005,13,0.535,0.24,0.006,240,19144.710117000017,0,0
0.555,0.525,0.61,0.395,0.615,0.42,0.27,0.085,0.0655,0.0015,7,0.545,0.48,0.055,240,17631.896246000008,0,0
0.58,0.665,0.745,0.745,0.79,0.825,0.685,0.19,0.37,0.0005,9,0.465,0.79,0.025,240,23314.522810999984,0,0
0.5,0.76,0.63,0.63,0.915,0.925,0.935,0.905,0.9675,0.9995,6,0.69,0.87,0.996,240,51547.68631700001,0,1
0.5,0.555,0.415,0.565,0.425,0.42,0.14,0.11,0.74,0.9995,10,0.425,0.4,0.595,240,31128.780773000006,0,1
0.5,0.535,0.615,0.745,0.765,0.865,0.91,0.935,0.9825,0.9995,6,0.455,0.805,0.9975,240,51415.40490400002,0,1
0.505,0.56,0.605,0.74,0.585,0.815,0.85,0.465,0.51,0.375,19,0.465,0.66,0.57,240,38737.701091,0,1
0.485,0.325,0.385,0.415,0.43,0.505,0.335,0.13,0.625,0.705,29,0.57,0.57,0.455,240,24883.584825000024,0,1
0.52,0.595,0.665,0.69,0.765,0.785,0.81,0.9,0.93,0.9995,2,0.535,0.775,0.997,240,24418.235735000002,0,1
0.445,0.715,0.69,0.735,0.565,0.585,0.67,0.865,0.78,0.9945,9,0.57,0.665,0.955,240,29176.085612999992,0,1
0.505,0.535,0.475,0.5,0.395,0.315,0.305,0.405,0.5,0.06,23,0.475,0.295,0.685,240,28855.882646000013,0,0
0.45,0.7,0.635,0.79,0.865,0.855,0.95,0.9655,0.9665,0.9995,5,0.595,0.865,0.9935,240,24342.900345000005,0,1
0.51,0.59,0.625,0.595,0.56,0.695,0.325,0.36,0.835,0.9995,18,0.445,0.625,0.955,240,26018.422152000006,0,1
0.54,0.74,0.815,0.56,0.54,0.435,0.66,0.665,0.955,0.9985,12,0.695,0.53,0.989,240,25105.097771000004,0,1
0.495,0.675,0.58,0.57,0.68,0.52,0.18,0.085,0.065,0.0005,12,0.745,0.48,0.008,240,22967.946778000016,0,0
0.54,0.365,0.23,0.39,0.525,0.58,0.59,0.305,0.385,0.225,9,0.39,0.445,0.355,240,44804.035680000015,0,1
0.5,0.56,0.335,0.185,0.12,0.19,0.515,0.215,0.028,0.029,15,0.465,0.095,0.0505,240,58132.075982,0,0
0.505,0.57,0.775,0.82,0.745,0.69,0.94,0.974,0.9965,0.9995,0,0.535,0.745,0.9985,240,30603.93235099999,0,1
0.55,0.645,0.565,0.575,0.785,0.515,0.415,0.215,0.2095,0.9985,14,0.615,0.615,0.3945,240,33619.915484999976,0,1
0.48,0.565,0.49,0.365,0.515,0.735,0.84,0.765,0.78,0.9995,13,0.445,0.7,0.9715,240,48278.97288399995,0,1
0.49,0.645,0.655,0.63,0.235,0.325,0.06,0.0305,0.0055,0.0005,2,0.625,0.245,0.0005,240,85325.07282399994,0,0
0.525,0.37,0.245,0.145,0.055,0.035,0.0325,0.03,0.011,0.0005,3,0.475,0.05,0.0005,240,33951.502274,0,0
0.475,0.63,0.655,0.83,0.8,0.6,0.94,0.9895,0.996,0.9995,3,0.485,0.805,0.9985,240,43253.17372500001,0,1
0.47,0.41,0.555,0.335,0.305,0.13,0.13,0.115,0.04,0.0005,16,0.61,0.235,0.0305,240,37115.402235999994,0,0
0.42,0.455,0.45,0.265,0.18,0.055,0.08,0.0165,0.0025,0.0005,2,0.405,0.125,0.0005,240,45483.252140000004,0,0
0.445,0.68,0.85,0.845,0.905,0.945,0.982,0.9925,0.9995,0.9995,1,0.685,0.905,0.9995,240,36677.29740599999,0,1
0.53,0.435,0.265,0.215,0.11,0.15,0.285,0.355,0.265,0.0005,13,0.485,0.205,0.06,240,25815.657221000005,0,0
0.52,0.425,0.3,0.335,0.28,0.5,0.465,0.395,0.62,0.985,18,0.45,0.255,0.875,240,36083.97643499999,0,1
0.44,0.585,0.665,0.815,0.78,0.715,0.705,0.855,0.9855,0.9995,5,0.565,0.7,0.9985,240,25497.817454,0,1
0.5,0.515,0.475,0.28,0.205,0.22,0.355,0.44,0.785,0.9995,12,0.515,0.175,0.975,240,41484.70205999998,0,1
0.425,0.505,0.535,0.53,0.595,0.505,0.37,0.51,0.815,0.095,16,0.4,0.595,0.685,240,22532.448564,0,0
0.51,0.625,0.495,0.74,0.735,0.76,0.76,0.8,0.565,0.11,11,0.54,0.775,0.595,240,7888.142159000003,1,1
0.555,0.495,0.68,0.845,0.775,0.9,0.95,0.9825,0.954,0.9995,4,0.415,0.825,0.8115,240,9313.774859000005,1,1
0.5,0.705,0.88,0.94,0.97,0.9815,0.994,0.982,0.994,0.9995,2,0.61,0.98,0.999,240,5994.838551999999,1,1
0.51,0.32,0.575,0.39,0.28,0.425,0.475,0.78,0.555,0.355,33,0.49,0.325,0.67,240,4349.231526000001,1,1
0.51,0.325,0.35,0.405,0.435,0.585,0.48,0.3,0.06,0.0005,9,0.375,0.46,0.035,240,4720.061529999999,1,0
0.515,0.415,0.485,0.43,0.455,0.43,0.325,0.565,0.93,0.9995,14,0.53,0.375,0.9795,240,6559.161949999998,1,1
0.5,0.38,0.47,0.175,0.125,0.04,0.03,0.03,0.0185,0.0005,3,0.495,0.095,0.0025,240,8536.364412999998,1,0
0.495,0.545,0.5,0.375,0.17,0.125,0.095,0.045,0.37,0.0005,6,0.4,0.175,0.075,240,3982.8001780000004,1,0
0.5,0.715,0.58,0.425,0.61,0.52,0.47,0.435,0.245,0.005,25,0.555,0.47,0.235,240,2938.1307420000003,1,0
0.5,0.4,0.57,0.63,0.695,0.755,0.87,0.93,0.965,0.9995,2,0.52,0.81,0.9985,240,6316.428961,1,1
0.555,0.375,0.285,0.24,0.08,0.16,0.09,0.0235,0.0195,0.0005,1,0.38,0.115,0.011,240,9028.439480000005,1,0
0.5,0.375,0.545,0.475,0.48,0.745,0.52,0.105,0.015,0.0005,5,0.375,0.65,0.0015,240,15292.379267000002,1,0
0.5,0.655,0.61,0.59,0.585,0.7,0.9865,0.9965,0.997,0.9995,14,0.615,0.605,0.999,240,7331.417000000001,1,1
0.555,0.455,0.57,0.625,0.8,0.775,0.82,0.82,0.83,0.975,6,0.41,0.81,0.93,240,7351.997367000001,1,1
0.5,0.535,0.785,0.745,0.715,0.785,0.73,0.355,0.18,0.0005,11,0.525,0.635,0.0175,240,7330.093645000001,1,0
0.5,0.58,0.54,0.47,0.515,0.685,0.91,0.9685,0.961,0.9995,16,0.49,0.56,0.986,240,8076.324133,1,1
0.495,0.375,0.48,0.59,0.6,0.645,0.6,0.47,0.6,0.025,18,0.385,0.57,0.95,240,2601.5580020000007,1,0
0.525,0.565,0.805,0.895,0.905,0.825,0.935,0.97,0.9945,0.9995,2,0.465,0.905,0.998,240,7102.997371000002,1,1
0.5,0.615,0.665,0.7,0.805,0.785,0.785,0.765,0.66,0.995,0,0.665,0.81,0.89,240,4325.995947000001,1,1
0.49,0.325,0.29,0.29,0.23,0.025,0.0345,0.019,0.0025,0.0005,0,0.385,0.095,0.0005,240,11042.690030999998,1,0
0.5,0.57,0.485,0.55,0.55,0.43,0.535,0.685,0.89,0.9855,34,0.465,0.68,0.97,240,2453.342954,1,1
0.515,0.6,0.6,0.435,0.33,0.695,0.555,0.905,0.86,0.98,6,0.62,0.58,0.87,240,3739.808171999999,1,1
0.485,0.425,0.59,0.58,0.58,0.915,0.955,0.9535,0.985,0.9995,9,0.505,0.665,0.995,240,12062.651542,1,1
0.495,0.39,0.465,0.725,0.775,0.915,0.965,0.9935,0.996,0.9995,15,0.49,0.875,0.9995,240,10284.541376999998,1,1
0.51,0.56,0.53,0.565,0.565,0.595,0.71,0.825,0.915,0.995,4,0.555,0.535,0.885,240,2942.037808000001,1,1
0.515,0.375,0.32,0.29,0.215,0.155,0.085,0.03,0.006,0.0005,7,0.51,0.19,0.0015,240,7476.386125999999,1,0
0.515,0.52,0.625,0.595,0.725,0.465,0.145,0.025,0.0065,0.0005,9,0.51,0.53,0.0015,240,13207.993421000003,1,0
0.5,0.54,0.625,0.6,0.495,0.335,0.11,0.17,0.11,0.0005,7,0.515,0.435,0.0015,240,5023.00732,1,0
0.5,0.61,0.36,0.215,0.205,0.255,0.19,0.13,0.15,0.925,4,0.49,0.24,0.18,240,3930.791488000001,1,1
0.5,0.52,0.34,0.42,0.215,0.145,0.075,0.02,0.04,0.0005,5,0.615,0.165,0.0025,240,4904.524075999999,1,0
0.5,0.435,0.345,0.695,0.735,0.77,0.805,0.33,0.695,0.9995,12,0.565,0.87,0.94,240,5515.434345000002,1,1
0.515,0.485,0.575,0.555,0.41,0.69,0.79,0.82,0.988,0.9995,10,0.505,0.625,0.9985,240,4393.683626,1,1
0.5,0.63,0.59,0.65,0.245,0.17,0.045,0.0185,0.0185,0.0005,1,0.735,0.2,0.0015,240,8646.177342,1,0
0.485,0.52,0.43,0.4,0.255,0.12,0.06,0.0175,0.011,0.0005,8,0.465,0.13,0.006,240,8363.500626,1,0
0.5,0.375,0.5,0.625,0.755,0.515,0.515,0.205,0.62,0.995,18,0.56,0.665,0.905,240,2989.590857,1,1
0.505,0.555,0.675,0.585,0.365,0.19,0.585,0.665,0.93,0.9995,6,0.555,0.31,0.97,240,7524.410532999999,1,1
0.495,0.58,0.635,0.515,0.545,0.635,0.72,0.64,0.405,0.035,12,0.515,0.435,0.21,240,4781.223073000004,1,0
0.535,0.57,0.54,0.85,0.925,0.925,0.9815,0.994,0.9945,0.9995,2,0.555,0.925,0.9995,240,5480.049884000001,1,1
0.515,0.57,0.805,0.87,0.675,0.815,0.73,0.865,0.72,0.975,8,0.48,0.715,0.855,240,3466.3310480000005,1,1
0.54,0.625,0.74,0.565,0.625,0.55,0.44,0.515,0.64,0.04,23,0.59,0.665,0.45,240,6107.770888,1,0
0.44,0.255,0.295,0.165,0.0305,0.015,0.04,0.02,0.0205,0.0005,2,0.33,0.0305,0.0005,240,5763.482571999999,1,0
0.515,0.415,0.605,0.355,0.585,0.665,0.765,0.825,0.955,0.9995,10,0.625,0.66,0.994,240,4968.054940999999,1,1
0.565,0.355,0.305,0.45,0.5,0.295,0.065,0.465,0.555,0.9995,16,0.51,0.51,0.9395,240,10688.008810000001,1,1
0.565,0.71,0.785,0.76,0.48,0.335,0.115,0.02,0.006,0.0005,7,0.67,0.47,0.005,240,6908.1361000000015,1,0
0.5,0.6,0.5,0.475,0.415,0.205,0.2,0.1,0.115,0.9995,14,0.54,0.34,0.985,240,22428.669832999996,1,1
0.5,0.475,0.615,0.58,0.545,0.47,0.345,0.61,0.77,0.985,12,0.555,0.5,0.49,240,8465.261912000013,1,1
0.565,0.49,0.41,0.21,0.285,0.37,0.42,0.64,0.855,0.9995,6,0.435,0.315,0.9515,240,3497.110833,1,1
0.44,0.6,0.64,0.41,0.625,0.29,0.215,0.165,0.055,0.005,8,0.57,0.57,0.055,240,4316.990254000001,1,0
0.5,0.375,0.475,0.715,0.665,0.88,0.915,0.87,0.765,0.9995,6,0.505,0.785,0.849,240,3052.7859540000027,1,1
0.5,0.735,0.775,0.775,0.84,0.795,0.78,0.735,0.95,0.9995,2,0.615,0.765,0.95,240,3516.6328870000007,1,1
0.5,0.445,0.3,0.37,0.465,0.41,0.425,0.615,0.675,0.125,23,0.43,0.48,0.67,240,3611.307687000001,1,0
0.5,0.565,0.62,0.53,0.565,0.47,0.705,0.645,0.84,0.9955,26,0.535,0.535,0.965,240,2350.2712490000004,1,1
0.5,0.52,0.51,0.17,0.08,0.04,0.05,0.0235,0.02,0.0005,11,0.595,0.045,0.006,240,5093.618689999999,1,0
0.5,0.405,0.275,0.365,0.385,0.235,0.085,0.0035,0.0055,0.0005,3,0.415,0.265,0.0045,240,2750.828282999999,1,0
0.5,0.58,0.525,0.625,0.72,0.82,0.73,0.625,0.83,0.935,8,0.465,0.76,0.495,240,5524.243077,1,1
0.545,0.575,0.47,0.255,0.09,0.045,0.016,0.016,0.006,0.0005,9,0.495,0.035,0.005,240,5958.859912000001,1,0
0.525,0.265,0.255,0.18,0.175,0.255,0.095,0.295,0.11,0.0005,1,0.355,0.155,0.07,240,5674.588376000003,1,0
0.51,0.42,0.315,0.295,0.045,0.04,0.035,0.035,0.2095,0.0005,7,0.485,0.0205,0.02,240,2161.5944369999997,1,0
0.5,0.66,0.475,0.54,0.74,0.825,0.83,0.91,0.66,0.45,11,0.705,0.775,0.705,240,3077.9755359999995,1,0
0.5,0.485,0.62,0.61,0.615,0.58,0.905,0.9865,0.9975,0.9995,16,0.515,0.395,0.999,240,4404.396782,1,1
0.51,0.49,0.52,0.435,0.225,0.415,0.265,0.295,0.045,0.0005,5,0.575,0.235,0.006,240,8240.719626000002,1,0
0.56,0.78,0.865,0.855,0.95,0.989,0.989,0.9925,0.996,0.9995,2,0.655,0.985,0.9995,240,9687.201888999998,1,1
0.565,0.7,0.785,0.875,0.905,0.95,0.984,0.989,0.9885,0.9995,0,0.665,0.915,0.9985,240,3927.0213439999998,1,1
0.44,0.4,0.24,0.205,0.085,0.0495,0.0305,0.0375,0.0015,0.0005,2,0.555,0.04,0.0005,240,15898.900055999999,1,0
0.39,0.665,0.895,0.93,0.965,0.926,0.869,0.685,0.7175,0.645,7,0.55,0.9455,0.9915,240,3115.445608,1,1
0.57,0.47,0.585,0.46,0.295,0.475,0.63,0.46,0.225,0.04,17,0.455,0.3,0.33,240,2460.26634,1,0
0.55,0.64,0.515,0.77,0.9,0.905,0.96,0.9785,0.9945,0.9995,2,0.56,0.9,0.9955,240,16083.827616000002,1,1
0.565,0.555,0.525,0.49,0.395,0.245,0.195,0.045,0.011,0.0005,7,0.545,0.21,0.02,240,11159.938986999998,1,0
0.565,0.29,0.3,0.09,0.35,0.385,0.14,0.06,0.0225,0.0005,1,0.39,0.35,0.0225,240,3310.481535000001,1,0
0.565,0.575,0.625,0.56,0.67,0.62,0.4,0.075,0.045,0.0005,7,0.485,0.635,0.0125,240,8107.7478869999995,1,0
0.5,0.63,0.47,0.37,0.76,0.805,0.79,0.675,0.86,0.9995,4,0.635,0.675,0.963,240,3853.495833000001,1,1
0.57,0.52,0.4,0.37,0.325,0.225,0.06,0.126,0.4245,0.049,3,0.375,0.175,0.073,240,12967.234307,1,0
0.5,0.56,0.55,0.695,0.67,0.81,0.575,0.575,0.8,0.9735,12,0.435,0.745,0.965,240,7560.749357000002,1,1
0.5,0.515,0.605,0.61,0.665,0.8,0.84,0.505,0.445,0.375,17,0.48,0.72,0.485,240,4034.9216030000002,1,1
0.495,0.395,0.58,0.58,0.755,0.92,0.895,0.84,0.984,0.9995,15,0.52,0.895,0.995,240,14758.67046,1,1
0.5,0.555,0.535,0.705,0.81,0.815,0.81,0.97,0.984,0.9995,4,0.51,0.715,0.9985,240,6072.385444,1,1
0.5,0.66,0.625,0.645,0.525,0.395,0.345,0.33,0.07,0.0005,7,0.565,0.555,0.0195,240,4854.26552,1,0
0.5,0.52,0.57,0.355,0.57,0.54,0.61,0.685,0.67,0.23,49,0.49,0.535,0.885,240,8868.513324999998,1,0
0.5,0.675,0.58,0.86,0.93,0.93,0.97,0.978,0.9855,0.9995,4,0.615,0.89,0.9745,240,2955.802864,1,1
0.5,0.625,0.625,0.6,0.42,0.475,0.165,0.075,0.1805,0.954,12,0.55,0.46,0.695,240,3500.3476999999993,1,1
0.5,0.61,0.61,0.435,0.51,0.34,0.415,0.38,0.47,0.7,24,0.605,0.515,0.465,240,11417.378435999999,1,0
0.5,0.625,0.5,0.505,0.545,0.585,0.62,0.38,0.73,0.155,29,0.795,0.495,0.34,240,7067.416145999999,1,0
0.5,0.47,0.445,0.695,0.905,0.93,0.985,0.979,0.9955,0.9995,8,0.46,0.805,0.9985,240,3782.7999170000003,1,1
0.475,0.375,0.265,0.175,0.1,0.14,0.27,0.1,0.0235,0.0355,2,0.405,0.095,0.0225,240,8380.852447999996,1,0
0.5,0.505,0.655,0.715,0.63,0.565,0.835,0.89,0.9745,0.9995,4,0.5,0.58,0.9975,240,13967.270579999999,1,1
0.5,0.59,0.515,0.595,0.685,0.395,0.31,0.135,0.1295,0.8545,6,0.62,0.48,0.5485,240,14201.595338,1,1
0.5,0.57,0.48,0.385,0.415,0.635,0.73,0.345,0.375,0.025,27,0.41,0.665,0.365,240,13786.493595000002,1,1
0.475,0.59,0.58,0.455,0.145,0.205,0.025,0.0125,0.006,0.0005,4,0.615,0.185,0.0015,240,9607.135881999999,1,0
0.515,0.34,0.275,0.225,0.08,0.055,0.035,0.05,0.0165,0.0005,3,0.465,0.095,0.011,240,5881.835156000002,1,0
0.445,0.615,0.635,0.735,0.76,0.515,0.835,0.965,0.994,0.9995,7,0.48,0.765,0.9995,240,8851.834104,1,1
0.52,0.535,0.51,0.395,0.295,0.135,0.15,0.075,0.0205,0.0005,13,0.565,0.26,0.0085,240,12627.940869000002,1,0
0.5,0.495,0.495,0.225,0.11,0.0105,0.0165,0.004,0.0015,0.0005,11,0.485,0.045,0.0015,240,18547.839874999998,1,0
0.5,0.645,0.85,0.93,0.975,0.975,0.9885,0.996,0.9985,0.9995,2,0.61,0.9715,0.9995,240,9609.613592,1,1
0.5,0.465,0.225,0.22,0.105,0.08,0.175,0.155,0.18,0.0005,3,0.57,0.115,0.115,240,6356.69194,1,0
0.53,0.435,0.25,0.225,0.12,0.17,0.155,0.085,0.05,0.0005,5,0.495,0.095,0.04,240,9193.454411,1,0
0.475,0.605,0.675,0.77,0.715,0.74,0.485,0.455,0.765,0.915,15,0.515,0.715,0.95,240,5329.715871000003,1,1
0.475,0.525,0.415,0.2,0.2,0.16,0.335,0.305,0.325,0.06,8,0.525,0.185,0.63,240,18216.399163000002,1,0
0.505,0.5,0.48,0.415,0.42,0.395,0.135,0.21,0.53,0.055,21,0.45,0.42,0.37,240,6539.036465,1,0
0.47,0.6,0.52,0.725,0.685,0.575,0.435,0.385,0.135,0.0005,8,0.55,0.695,0.006,240,4713.68586,2,0
0.5,0.49,0.565,0.775,0.715,0.865,0.845,0.98,0.979,0.9995,4,0.385,0.79,0.978,240,7177.278236999999,2,1
0.485,0.685,0.84,0.915,0.945,0.9845,0.9895,0.994,0.9975,0.9995,5,0.54,0.965,0.9985,240,4129.494362,2,1
0.505,0.38,0.635,0.54,0.365,0.365,0.485,0.785,0.605,0.995,26,0.535,0.455,0.98,240,2461.6572680000004,2,1
0.565,0.36,0.39,0.415,0.485,0.525,0.335,0.095,0.005,0.0005,13,0.435,0.48,0.006,240,3077.414202,2,0
0.495,0.305,0.55,0.44,0.57,0.6,0.45,0.695,0.935,0.9995,19,0.515,0.47,0.993,240,3238.424106,2,1
0.335,0.405,0.4,0.105,0.085,0.055,0.05,0.15,0.05,0.0005,2,0.555,0.065,0.006,240,2015.0076940000017,2,0
0.495,0.605,0.545,0.435,0.175,0.44,0.365,0.49,0.96,0.995,9,0.37,0.295,0.985,240,2513.414075999999,2,1
0.495,0.56,0.35,0.225,0.245,0.225,0.2,0.335,0.205,0.005,12,0.465,0.205,0.16,240,823.6419649999998,2,0
0.5,0.41,0.48,0.515,0.535,0.67,0.75,0.86,0.955,0.9995,4,0.535,0.735,0.9935,240,4989.3213430000005,2,1
0.685,0.425,0.315,0.26,0.1,0.09,0.07,0.012,0.0145,0.0005,1,0.335,0.085,0.0025,240,4091.252466000001,2,0
0.495,0.4,0.52,0.49,0.51,0.735,0.535,0.44,0.07,0.0005,16,0.42,0.67,0.03,240,6729.841976000006,2,0
0.505,0.565,0.6,0.65,0.655,0.72,0.9845,0.9885,0.9955,0.9995,0,0.605,0.595,0.9995,240,7341.443654,2,1
0.525,0.515,0.595,0.715,0.83,0.765,0.86,0.77,0.585,0.98,8,0.45,0.8,0.77,240,2636.341058999999,2,1
0.64,0.38,0.545,0.475,0.4,0.51,0.3,0.095,0.02,0.0005,21,0.465,0.435,0.0025,240,2968.512725,2,0
0.5,0.63,0.59,0.575,0.57,0.775,0.87,0.935,0.92,0.9995,2,0.535,0.715,0.9965,240,5105.035920999999,2,1
0.5,0.375,0.535,0.53,0.505,0.565,0.6,0.61,0.475,0.005,19,0.425,0.495,0.73,240,1318.6118649999996,2,0
0.47,0.65,0.915,0.945,0.975,0.98,0.986,0.988,0.9955,0.9995,1,0.55,0.97,0.9985,240,7008.506461000001,2,1
0.675,0.595,0.615,0.635,0.76,0.72,0.645,0.625,0.485,0.93,12,0.635,0.765,0.59,240,2948.2272550000002,2,1
0.5,0.325,0.28,0.33,0.27,0.035,0.019,0.006,0.0125,0.0005,1,0.4,0.09,0.0005,240,6629.622532,2,0
0.5,0.655,0.705,0.805,0.8,0.755,0.725,0.94,0.977,0.9995,4,0.49,0.87,0.994,240,6410.772202,2,1
0.55,0.61,0.645,0.495,0.5,0.785,0.715,0.966,0.9655,0.9995,6,0.625,0.765,0.99,240,4742.614889,2,1
0.485,0.425,0.57,0.655,0.555,0.915,0.955,0.96,0.994,0.9995,9,0.56,0.63,0.9945,240,6634.745476999999,2,1
0.53,0.5,0.6,0.87,0.915,0.955,0.9915,0.993,0.997,0.9995,6,0.515,0.94,0.998,240,7139.068219999998,2,1
0.515,0.515,0.39,0.345,0.415,0.485,0.635,0.62,0.865,0.995,18,0.48,0.295,0.885,240,1891.8536300000003,2,1
0.51,0.375,0.255,0.27,0.285,0.26,0.185,0.08,0.006,0.0005,3,0.5,0.28,0.0015,240,5687.482376,2,0
0.505,0.5,0.615,0.49,0.68,0.25,0.04,0.015,0.0025,0.0005,13,0.485,0.445,0.0005,240,8411.704289000001,2,0
0.485,0.545,0.685,0.635,0.54,0.36,0.13,0.155,0.065,0.0005,12,0.51,0.5,0.006,240,3742.3206450000002,2,0
0.5,0.76,0.615,0.625,0.71,0.645,0.615,0.52,0.395,0.995,14,0.57,0.74,0.535,240,1149.960088,2,1
0.5,0.59,0.51,0.565,0.425,0.28,0.23,0.13,0.465,0.145,25,0.63,0.335,0.64,240,4168.108386999999,2,0
0.5,0.425,0.37,0.755,0.905,0.935,0.985,0.955,0.9945,0.9995,10,0.5,0.94,0.9985,240,5028.355476,2,1
0.515,0.5,0.57,0.7,0.44,0.735,0.9,0.855,0.9895,0.9995,20,0.49,0.73,0.9985,240,4009.1885579999985,2,1
0.5,0.65,0.58,0.655,0.445,0.46,0.125,0.035,0.021,0.0005,11,0.705,0.425,0.005,240,4537.596624,2,0
0.51,0.6,0.625,0.485,0.3,0.17,0.17,0.075,0.075,0.0015,5,0.545,0.235,0.05,240,3145.6471669999974,2,0
0.505,0.435,0.765,0.82,0.915,0.795,0.605,0.265,0.845,0.9995,4,0.695,0.865,0.93,240,2519.1168719999982,2,1
0.49,0.525,0.7,0.625,0.58,0.335,0.85,0.96,0.995,0.9995,17,0.535,0.51,0.995,240,6369.987026,2,1
0.495,0.555,0.675,0.68,0.685,0.685,0.83,0.845,0.745,0.06,6,0.5,0.62,0.665,240,2764.015972,2,0
0.54,0.475,0.54,0.86,0.925,0.945,0.962,0.985,0.995,0.9995,6,0.555,0.925,0.995,240,4347.352001,2,1
0.515,0.53,0.775,0.805,0.68,0.835,0.575,0.64,0.48,0.645,16,0.415,0.73,0.72,240,2069.0439690000007,2,0
0.505,0.645,0.75,0.615,0.645,0.575,0.455,0.405,0.62,0.03,11,0.6,0.695,0.3,240,2597.279922,2,0
0.315,0.305,0.405,0.205,0.08,0.04,0.065,0.03,0.0055,0.0005,2,0.265,0.075,0.0005,240,3579.6004319999993,2,0
0.51,0.375,0.595,0.26,0.585,0.645,0.825,0.685,0.935,0.9995,10,0.615,0.625,0.997,240,2881.8352440000003,2,1
0.605,0.485,0.63,0.665,0.635,0.39,0.295,0.695,0.875,0.9995,8,0.575,0.605,0.985,240,6723.642275000001,2,1
0.495,0.655,0.72,0.67,0.4,0.255,0.13,0.02,0.015,0.0005,8,0.63,0.345,0.006,240,2443.339654,2,0
0.505,0.575,0.485,0.43,0.415,0.225,0.22,0.09,0.025,0.9945,6,0.545,0.285,0.9415,240,6973.835603000001,2,1
0.505,0.42,0.68,0.715,0.52,0.38,0.31,0.5,0.505,0.015,11,0.58,0.525,0.115,240,1526.5046239999997,2,0
0.51,0.61,0.515,0.3,0.31,0.29,0.29,0.565,0.665,0.9995,12,0.56,0.295,0.96,240,3158.912786,2,1
0.5,0.525,0.505,0.24,0.24,0.145,0.08,0.0455,0.0105,0.0005,5,0.515,0.185,0.012,240,1500.56055,2,0
0.5,0.34,0.32,0.45,0.27,0.695,0.615,0.44,0.205,0.065,13,0.43,0.38,0.42,240,1552.218117,2,0
0.5,0.755,0.78,0.825,0.905,0.91,0.93,0.9,0.994,0.9995,2,0.54,0.87,0.982,240,2363.878755,2,1
0.505,0.595,0.615,0.705,0.775,0.765,0.775,0.845,0.95,0.983,4,0.485,0.805,0.5405,240,2124.029614,2,1
0.5,0.53,0.72,0.675,0.655,0.48,0.655,0.89,0.955,0.9995,10,0.5,0.63,0.994,240,1381.758767,2,1
0.505,0.53,0.585,0.205,0.065,0.03,0.0595,0.0275,0.006,0.0005,7,0.555,0.065,0.006,240,3090.1534130000005,2,0
0.51,0.385,0.205,0.205,0.305,0.095,0.07,0.011,0.006,0.0005,1,0.47,0.15,0.006,240,6498.018803999999,2,0
0.715,0.555,0.77,0.815,0.83,0.9,0.87,0.88,0.964,0.9995,14,0.465,0.88,0.855,240,5836.360203000001,2,1
0.53,0.325,0.3,0.175,0.075,0.03,0.0015,0.0155,0.005,0.0005,1,0.425,0.025,0.0005,240,4703.374386,2,0
0.595,0.37,0.335,0.25,0.345,0.255,0.135,0.335,0.15,0.0005,3,0.445,0.23,0.05,240,1349.7898310000003,2,0
0.5,0.375,0.26,0.225,0.05,0.02,0.025,0.025,0.0255,0.0005,7,0.47,0.025,0.006,240,4131.823558999999,2,0
0.5,0.49,0.265,0.29,0.41,0.54,0.555,0.795,0.495,0.0005,27,0.63,0.49,0.28,240,1535.6941540000003,2,0
0.5,0.615,0.765,0.735,0.71,0.68,0.935,0.994,0.9985,0.9995,0,0.6,0.545,0.999,240,3435.887192,2,1
0.545,0.52,0.6,0.57,0.335,0.53,0.585,0.65,0.5,0.005,15,0.525,0.475,0.05,240,565.6004119999998,2,0
0.5,0.66,0.81,0.835,0.96,0.9845,0.985,0.978,0.9935,0.9995,2,0.625,0.975,0.9995,240,4518.003866000001,2,1
0.51,0.62,0.7,0.71,0.755,0.825,0.93,0.715,0.925,0.9995,4,0.615,0.72,0.975,240,7729.668996,2,1
0.525,0.425,0.195,0.155,0.05,0.02,0.016,0.011,0.0015,0.0005,1,0.57,0.025,0.0005,240,7275.6059079999995,2,0
0.52,0.55,0.77,0.875,0.875,0.72,0.405,0.055,0.0155,0.0005,5,0.52,0.885,0.0155,240,3157.5283,2,0
0.5,0.645,0.495,0.24,0.26,0.42,0.19,0.09,0.005,0.0005,9,0.49,0.235,0.016,240,3705.6265759999997,2,0
0.72,0.635,0.45,0.775,0.88,0.86,0.945,0.9785,0.983,0.9995,6,0.575,0.88,0.987,240,9348.488237999998,2,1
0.545,0.505,0.645,0.57,0.645,0.435,0.475,0.185,0.0085,0.0005,25,0.525,0.36,0.0015,240,4199.997678,2,0
0.685,0.285,0.305,0.21,0.47,0.39,0.04,0.026,0.0055,0.0005,3,0.36,0.3,0.0055,240,2074.938471,2,0
0.685,0.635,0.64,0.73,0.845,0.845,0.72,0.345,0.45,0.005,9,0.525,0.845,0.38,240,6611.608675,2,0
0.5,0.745,0.72,0.73,0.895,0.855,0.85,0.785,0.976,0.9995,2,0.72,0.925,0.9955,240,2002.65475,2,1
0.685,0.475,0.345,0.445,0.395,0.625,0.24,0.335,0.98,0.9995,18,0.345,0.48,0.9685,240,3446.644553,2,1
0.5,0.35,0.3,0.395,0.4,0.645,0.41,0.25,0.38,0.07,7,0.355,0.455,0.495,240,4415.585316999998,2,0
0.5,0.53,0.7,0.8,0.88,0.955,0.971,0.8935,0.941,0.9995,2,0.4,0.92,0.984,240,9097.496320000002,2,1
0.5,0.365,0.65,0.865,0.965,0.979,0.972,0.994,0.994,0.9995,4,0.49,0.97,0.9955,240,4848.646124999999,2,1
0.5,0.325,0.35,0.52,0.585,0.775,0.815,0.915,0.965,0.9995,8,0.425,0.475,0.9985,240,6956.0394129999995,2,1
0.48,0.81,0.875,0.965,0.965,0.8975,0.845,0.95,0.381,0.9375,3,0.74,0.97,0.419,240,5668.210015999997,2,1
0.5,0.43,0.505,0.47,0.535,0.405,0.445,0.755,0.745,0.97,34,0.41,0.465,0.935,240,1279.6308129999998,2,1
0.385,0.625,0.42,0.52,0.565,0.685,0.895,0.915,0.915,0.9995,7,0.505,0.72,0.865,240,15501.240720999998,2,1
0.5,0.515,0.39,0.26,0.235,0.225,0.1,0.014,0.004,0.0005,5,0.45,0.305,0.004,240,2478.165594,2,0
0.5,0.545,0.49,0.165,0.495,0.15,0.26,0.16,0.535,0.12,23,0.46,0.495,0.54,240,216.47131799999997,2,0
0.555,0.66,0.5,0.46,0.56,0.47,0.465,0.385,0.815,0.935,38,0.715,0.445,0.58,240,2097.994293999999,2,1
0.5,0.56,0.515,0.695,0.9775,0.977,0.997,0.9925,0.9975,0.9995,10,0.44,0.97,0.9955,240,5346.445816000003,2,1
0.5,0.455,0.425,0.345,0.265,0.59,0.825,0.685,0.49,0.9995,12,0.475,0.27,0.84,240,3246.2555770000004,2,1
0.5,0.495,0.665,0.75,0.72,0.705,0.89,0.93,0.973,0.9995,4,0.54,0.675,0.99,240,1642.3774770000002,2,1
0.5,0.525,0.51,0.49,0.655,0.5,0.25,0.15,0.49,0.47,37,0.525,0.415,0.11,240,962.5494739999999,2,0
0.5,0.665,0.61,0.49,0.615,0.775,0.905,0.59,0.67,0.875,16,0.465,0.805,0.92,240,3825.04549,2,1
0.485,0.64,0.615,0.4,0.19,0.16,0.02,0.0155,0.006,0.0005,4,0.635,0.135,0.0015,240,2781.3633879999998,2,0
0.5,0.325,0.27,0.17,0.11,0.055,0.0125,0.0725,0.006,0.0005,5,0.485,0.125,0.0175,240,2762.386128,2,0
0.5,0.725,0.785,0.88,0.885,0.855,0.9885,0.989,0.9995,0.9995,0,0.535,0.935,0.9995,240,3411.082402,2,1
0.475,0.425,0.73,0.52,0.515,0.27,0.36,0.655,0.61,0.995,11,0.555,0.38,0.865,240,2993.195298000001,2,1
0.5,0.365,0.475,0.15,0.09,0.02,0.0365,0.0225,0.0185,0.0005,3,0.46,0.075,0.0015,240,5808.6477190000005,2,0
0.485,0.655,0.925,0.956,0.975,0.979,0.9845,0.9845,0.9995,0.9995,1,0.64,0.972,0.9995,240,4583.406695,2,1
0.455,0.38,0.205,0.24,0.32,0.49,0.55,0.745,0.95,0.9995,15,0.52,0.57,0.995,240,630.1351959999998,2,1
0.525,0.545,0.395,0.45,0.43,0.705,0.68,0.92,0.984,0.9995,4,0.57,0.46,0.9885,240,3578.8701419999984,2,1
0.49,0.575,0.695,0.9,0.83,0.925,0.805,0.955,0.997,0.9995,3,0.535,0.825,0.9835,240,11082.036042999998,2,1
0.48,0.49,0.46,0.26,0.18,0.18,0.475,0.545,0.39,0.97,23,0.5,0.115,0.905,240,1868.781334,2,1
0.51,0.585,0.5,0.585,0.645,0.735,0.58,0.59,0.85,0.9965,10,0.45,0.83,0.85,240,1050.136751,2,1
0.495,0.665,0.715,0.8,0.93,0.765,0.725,0.635,0.28,0.0005,8,0.625,0.85,0.01,240,989.4273290000001,3,0
0.505,0.295,0.355,0.53,0.475,0.785,0.68,0.8,0.825,0.995,12,0.29,0.67,0.53,240,1464.0076800000002,3,1
0.49,0.67,0.875,0.895,0.89,0.955,0.9825,0.9835,0.995,0.9995,3,0.555,0.93,0.9835,240,4377.445117,3,1
0.5,0.385,0.74,0.75,0.6,0.675,0.865,0.96,0.96,0.9995,12,0.565,0.79,0.9985,240,5313.6911039999995,3,1
0.505,0.325,0.34,0.435,0.49,0.665,0.54,0.325,0.035,0.0005,13,0.445,0.5,0.017,240,2875.2975260000003,3,0
0.5,0.29,0.57,0.475,0.76,0.765,0.715,0.935,0.985,0.9995,14,0.56,0.74,0.9995,240,5353.437898,3,1
0.5,0.38,0.34,0.09,0.06,0.065,0.0215,0.086,0.104,0.0005,5,0.495,0.06,0.041,240,1384.06761,3,0
0.495,0.625,0.635,0.48,0.29,0.195,0.28,0.64,0.97,0.9995,5,0.38,0.245,0.983,240,1480.832069,3,1
0.495,0.68,0.595,0.66,0.46,0.48,0.475,0.54,0.34,0.01,18,0.565,0.44,0.23,240,847.845034,3,0
0.5,0.39,0.625,0.7,0.68,0.725,0.91,0.97,0.972,0.9995,4,0.53,0.785,0.9735,240,2592.693109,3,1
0.5,0.41,0.3,0.22,0.09,0.075,0.075,0.0205,0.019,0.0005,3,0.375,0.1,0.0015,240,4454.197619,3,0
0.5,0.435,0.605,0.555,0.55,0.77,0.665,0.35,0.09,0.0005,19,0.425,0.7,0.04,240,1156.073732,3,0
0.5,0.585,0.54,0.59,0.66,0.74,0.982,0.9885,0.9965,0.9995,10,0.655,0.61,0.9995,240,5754.2141409999995,3,1
0.505,0.625,0.78,0.865,0.905,0.87,0.93,0.9145,0.84,0.6335,6,0.525,0.91,0.65,240,3633.6823620000014,3,1
0.51,0.535,0.695,0.675,0.715,0.79,0.69,0.315,0.275,0.0015,9,0.52,0.685,0.05,240,1881.5859920000007,3,0
0.5,0.505,0.475,0.385,0.445,0.655,0.65,0.81,0.6,0.995,18,0.485,0.54,0.94,240,3014.269401,3,1
0.505,0.515,0.485,0.48,0.625,0.63,0.645,0.615,0.685,0.015,25,0.55,0.635,0.76,240,2429.8745750000003,3,0
0.5,0.585,0.81,0.925,0.96,0.9535,0.9755,0.986,0.9725,0.9995,4,0.53,0.965,0.9875,240,6105.90241,3,1
0.51,0.525,0.61,0.675,0.8,0.755,0.685,0.66,0.315,0.965,14,0.62,0.825,0.555,240,1534.926928,3,1
0.51,0.415,0.365,0.345,0.29,0.08,0.031,0.006,0.0055,0.0005,5,0.44,0.175,0.0005,240,6526.977556000001,3,0
0.5,0.555,0.595,0.77,0.785,0.855,0.805,0.935,0.98,0.9995,2,0.415,0.88,0.997,240,7452.593485,3,1
0.55,0.43,0.485,0.375,0.255,0.495,0.235,0.69,0.31,0.01,27,0.465,0.45,0.185,240,2053.076007,3,0
0.485,0.415,0.62,0.62,0.595,0.875,0.955,0.96,0.985,0.9995,5,0.55,0.69,0.994,240,6772.073089,3,1
0.695,0.525,0.55,0.825,0.86,0.9,0.925,0.9935,0.9965,0.9995,0,0.6,0.895,0.9975,240,7709.833986,3,1
0.575,0.565,0.465,0.42,0.815,0.875,0.955,0.9795,0.994,0.9995,6,0.605,0.85,0.9985,240,4913.592033,3,1
0.5,0.28,0.205,0.165,0.08,0.095,0.09,0.015,0.006,0.0005,3,0.46,0.065,0.0015,240,5233.803024999999,3,0
0.53,0.495,0.56,0.54,0.685,0.41,0.21,0.195,0.015,0.0005,19,0.495,0.495,0.005,240,7608.335451000006,3,0
0.49,0.535,0.7,0.765,0.545,0.39,0.165,0.16,0.11,0.0005,8,0.505,0.46,0.015,240,2651.490519,3,0
0.685,0.59,0.475,0.375,0.225,0.195,0.21,0.16,0.025,0.0005,7,0.525,0.205,0.0055,240,1801.734158,3,0
0.5,0.555,0.4,0.405,0.455,0.26,0.145,0.011,0.05,0.0005,9,0.605,0.32,0.011,240,3255.31788,3,0
0.5,0.5,0.46,0.86,0.95,0.955,0.967,0.9475,0.989,0.9995,12,0.55,0.97,0.995,240,5297.622841999999,3,1
0.525,0.505,0.505,0.64,0.315,0.355,0.325,0.135,0.39,0.005,19,0.505,0.405,0.54,240,1659.5699540000005,3,0
0.5,0.77,0.725,0.755,0.505,0.26,0.17,0.0235,0.0365,0.0005,7,0.745,0.4,0.268,240,3518.876794,3,0
0.5,0.495,0.31,0.29,0.085,0.065,0.04,0.006,0.0055,0.0005,3,0.405,0.06,0.0055,240,3893.9265949999995,3,0
0.505,0.31,0.54,0.6,0.69,0.485,0.285,0.075,0.135,0.0055,19,0.55,0.685,0.065,240,797.2906760000001,3,0
0.5,0.61,0.78,0.68,0.485,0.27,0.69,0.8,0.98,0.9995,12,0.565,0.435,0.989,240,6460.567925,3,1
0.515,0.425,0.555,0.615,0.705,0.665,0.83,0.73,0.53,0.005,7,0.455,0.63,0.38,240,2658.0443529999993,3,0
0.55,0.525,0.63,0.875,0.925,0.955,0.965,0.994,0.994,0.9995,4,0.5,0.925,0.9995,240,3110.162388,3,1
0.45,0.49,0.71,0.73,0.39,0.41,0.335,0.295,0.04,0.0005,18,0.45,0.335,0.006,240,3303.101935,3,0
0.505,0.6,0.73,0.58,0.57,0.515,0.35,0.37,0.38,0.0005,7,0.555,0.65,0.045,240,3477.1316159999997,3,0
0.335,0.21,0.33,0.11,0.07,0.0435,0.025,0.011,0.006,0.0005,0,0.335,0.075,0.0005,240,3247.717357,3,0
0.5,0.36,0.645,0.42,0.63,0.53,0.715,0.505,0.85,0.9995,28,0.61,0.48,0.985,240,2723.3090260000004,3,1
0.5,0.445,0.62,0.695,0.71,0.42,0.17,0.67,0.88,0.9995,10,0.55,0.7,0.994,240,4736.90395,3,1
0.51,0.615,0.715,0.515,0.43,0.29,0.16,0.05,0.011,0.0005,5,0.59,0.43,0.005,240,2819.945321,3,0
0.5,0.495,0.45,0.48,0.445,0.225,0.165,0.075,0.08,0.995,10,0.535,0.33,0.925,240,5256.068765,3,1
0.5,0.365,0.605,0.52,0.39,0.25,0.13,0.225,0.145,0.0005,7,0.555,0.325,0.011,240,3452.7126649999996,3,0
0.5,0.62,0.56,0.395,0.37,0.33,0.32,0.71,0.895,0.9995,14,0.56,0.36,0.9795,240,4437.8649000000005,3,1
0.515,0.57,0.645,0.285,0.32,0.16,0.085,0.032,0.006,0.0005,9,0.595,0.25,0.0335,240,2495.502842,3,0
0.52,0.395,0.29,0.34,0.445,0.95,0.905,0.82,0.875,0.9995,4,0.585,0.665,0.749,240,1199.573299,3,1
0.58,0.745,0.71,0.835,0.835,0.93,0.94,0.965,0.9855,0.9995,2,0.585,0.82,0.982,240,2489.7480499999997,3,1
0.51,0.605,0.62,0.7,0.675,0.625,0.47,0.685,0.82,0.9045,6,0.505,0.72,0.845,240,1799.448204,3,1
0.5,0.445,0.565,0.4,0.755,0.35,0.315,0.5,0.82,0.995,32,0.5,0.55,0.905,240,952.6668289999999,3,1
0.5,0.48,0.455,0.225,0.12,0.05,0.095,0.13,0.0215,0.0005,13,0.49,0.075,0.0155,240,2880.3789229999998,3,0
0.5,0.37,0.18,0.255,0.275,0.125,0.085,0.125,0.02,0.0005,9,0.48,0.19,0.015,240,2787.5255970000003,3,0
0.5,0.695,0.8,0.855,0.885,0.92,0.825,0.66,0.32,0.925,8,0.495,0.9,0.205,240,2661.818005999999,3,0
0.5,0.415,0.33,0.18,0.055,0.035,0.0105,0.0165,0.0015,0.0005,5,0.515,0.03,0.0005,240,4617.966643,3,0
0.5,0.5,0.515,0.42,0.415,0.445,0.38,0.775,0.705,0.09,33,0.475,0.325,0.69,240,883.1652060000002,3,0
0.5,0.26,0.195,0.09,0.035,0.0145,0.008,0.016,0.006,0.0005,13,0.515,0.013,0.0005,240,3648.3166489999994,3,0
0.51,0.48,0.285,0.67,0.915,0.965,0.9855,0.9985,0.9985,0.9995,14,0.55,0.935,0.9995,240,11530.247237,3,1
0.5,0.77,0.925,0.885,0.85,0.87,0.996,0.9955,0.9985,0.9995,2,0.62,0.755,0.999,240,3685.2293090000003,3,1
0.5,0.53,0.595,0.575,0.295,0.495,0.515,0.805,0.925,0.985,12,0.535,0.355,0.465,240,5165.426839000001,3,1
0.58,0.725,0.81,0.815,0.855,0.935,0.81,0.93,0.995,0.9995,4,0.585,0.915,0.9955,240,6127.765332,3,1
0.55,0.655,0.82,0.915,0.925,0.955,0.9835,0.9795,0.9685,0.9995,0,0.57,0.94,0.9695,240,2137.5704249999994,3,1
0.5,0.435,0.19,0.2,0.13,0.045,0.029,0.02,0.006,0.0005,1,0.45,0.045,0.0015,240,6937.430626,3,0
0.5,0.485,0.52,0.605,0.665,0.46,0.225,0.105,0.006,0.0005,11,0.46,0.805,0.006,240,3362.410426,3,0
0.505,0.45,0.845,0.7,0.675,0.815,0.69,0.685,0.967,0.9995,14,0.475,0.61,0.989,240,4819.407555999999,3,1
0.685,0.595,0.425,0.72,0.865,0.845,0.92,0.974,0.975,0.9995,2,0.525,0.85,0.984,240,10940.061629,3,1
0.685,0.58,0.57,0.56,0.51,0.155,0.09,0.021,0.016,0.0005,9,0.545,0.145,0.016,240,14205.695744999999,3,0
0.685,0.64,0.765,0.3,0.22,0.275,0.09,0.03,0.0145,0.0005,5,0.575,0.165,0.014,240,1620.286452,3,0
0.685,0.625,0.645,0.57,0.685,0.675,0.55,0.28,0.45,0.995,10,0.45,0.67,0.517,240,1973.9379709999996,3,1
0.5,0.475,0.295,0.17,0.3,0.245,0.155,0.016,0.0415,0.0005,5,0.515,0.325,0.065,240,2046.6554809999998,3,0
0.5,0.595,0.54,0.64,0.56,0.83,0.71,0.91,0.9945,0.9995,10,0.445,0.54,0.9995,240,2714.6888519999998,3,1
0.5,0.44,0.475,0.515,0.715,0.69,0.59,0.685,0.945,0.9995,4,0.4,0.65,0.981,240,2770.5147530000004,3,1
0.5,0.555,0.52,0.61,0.73,0.89,0.885,0.585,0.31,0.465,15,0.405,0.775,0.57,240,2630.4832709999996,3,1
0.5,0.875,0.925,0.965,0.9945,0.9945,0.9745,0.984,0.9865,0.9995,2,0.675,0.9945,0.9955,240,2546.7195199999996,3,1
0.5,0.46,0.505,0.71,0.51,0.915,0.95,0.969,0.962,0.9995,12,0.47,0.905,0.9995,240,20570.988221000003,3,1
0.395,0.775,0.775,0.81,0.855,0.92,0.905,0.865,0.775,0.99,3,0.66,0.915,0.93,240,5244.985400999998,3,1
0.5,0.485,0.59,0.425,0.66,0.485,0.575,0.74,0.865,0.8755,58,0.425,0.625,0.965,240,347.55721900000003,3,1
0.455,0.755,0.655,0.87,0.905,0.89,0.94,0.95,0.994,0.9995,5,0.525,0.905,0.994,240,2191.099967,3,1
0.5,0.49,0.465,0.35,0.29,0.375,0.14,0.037,0.011,0.0005,7,0.455,0.35,0.0225,240,6027.002257,3,0
0.5,0.525,0.555,0.295,0.56,0.205,0.325,0.25,0.445,0.045,7,0.555,0.5,0.44,240,26.951983000000002,3,0
0.5,0.55,0.5,0.27,0.71,0.495,0.495,0.325,0.475,0.005,23,0.71,0.5,0.37,240,3768.284552,3,0
0.5,0.45,0.425,0.58,0.87,0.959,0.986,0.995,0.9985,0.9995,2,0.415,0.945,0.9995,240,8132.602625000001,3,1
0.5,0.445,0.435,0.33,0.27,0.49,0.64,0.425,0.075,0.9995,22,0.515,0.245,0.525,240,977.594539,3,1
0.5,0.555,0.715,0.805,0.805,0.685,0.815,0.935,0.9845,0.9995,2,0.535,0.725,0.9845,240,5993.27752,3,1
0.55,0.545,0.5,0.525,0.64,0.5,0.11,0.135,0.06,0.13,13,0.555,0.315,0.19,240,9450.443633999997,3,0
0.5,0.505,0.455,0.485,0.415,0.67,0.785,0.515,0.08,0.005,17,0.46,0.545,0.195,240,4834.878503000001,3,0
0.49,0.63,0.675,0.53,0.495,0.19,0.05,0.019,0.019,0.0005,12,0.62,0.19,0.0015,240,2298.992622,3,0
0.495,0.37,0.39,0.28,0.115,0.12,0.035,0.045,0.022,0.0005,4,0.44,0.09,0.0245,240,2889.321066,3,0
0.5,0.645,0.635,0.735,0.775,0.585,0.905,0.975,0.98,0.9995,2,0.52,0.745,0.996,240,8562.816337000002,3,1
0.5,0.4,0.56,0.38,0.41,0.195,0.18,0.165,0.115,0.03,11,0.61,0.295,0.09,240,3512.3096510000005,3,0
0.5,0.41,0.41,0.09,0.055,0.008,0.013,0.0105,0.0105,0.0005,5,0.37,0.035,0.01,240,5223.082892000002,3,0
0.315,0.51,0.805,0.845,0.94,0.97,0.9745,0.983,0.986,0.9995,1,0.57,0.965,0.9995,240,3323.098943,3,1
0.52,0.345,0.375,0.285,0.295,0.605,0.825,0.75,0.9665,0.9995,16,0.505,0.505,0.9985,240,3705.305981,3,1
0.51,0.555,0.38,0.34,0.325,0.525,0.37,0.305,0.485,0.945,12,0.525,0.27,0.675,240,4587.231989000001,3,1
0.48,0.535,0.725,0.855,0.77,0.7,0.465,0.835,0.935,0.9985,13,0.52,0.735,0.96,240,7564.433658000007,3,1
0.475,0.52,0.535,0.34,0.205,0.295,0.34,0.325,0.235,0.87,21,0.52,0.245,0.77,240,1343.423046,3,1
0.5,0.49,0.37,0.275,0.26,0.35,0.21,0.34,0.73,0.745,20,0.42,0.305,0.625,240,2214.4317239999996,3,1
0.495,0.665,0.52,0.775,0.885,0.935,0.945,0.855,0.8,0.195,12,0.55,0.93,0.595,240,182.132321,4,1
0.5,0.5,0.53,0.72,0.78,0.865,0.875,0.935,0.93,0.995,4,0.38,0.9,0.725,240,663.9381710000001,4,1
0.495,0.74,0.9,0.925,0.96,0.97,0.525,0.9895,0.9945,0.9995,9,0.58,0.955,0.9995,240,306.0421,4,1
0.5,0.29,0.515,0.46,0.22,0.275,0.5,0.85,0.65,0.995,12,0.4,0.315,0.975,240,822.219805,4,1
0.505,0.48,0.455,0.255,0.32,0.505,0.3,0.215,0.025,0.0005,17,0.485,0.38,0.0145,240,440.3935,4,0
0.5,0.25,0.32,0.19,0.22,0.345,0.025,0.0345,0.052,0.0005,1,0.415,0.125,0.0255,240,306.558747,4,0
0.5,0.365,0.3,0.085,0.055,0.025,0.0215,0.0345,0.0145,0.0005,11,0.56,0.035,0.01,240,159.98069999999998,4,0
0.675,0.695,0.73,0.5,0.19,0.345,0.275,0.545,0.96,0.9995,20,0.455,0.24,0.995,240,485.0606,4,1
0.495,0.565,0.55,0.45,0.695,0.55,0.8,0.875,0.785,0.945,25,0.42,0.635,0.845,240,252.485555,4,1
0.5,0.335,0.4,0.46,0.31,0.305,0.17,0.12,0.075,0.0205,7,0.425,0.38,0.045,240,401.26216099999994,4,0
0.5,0.5,0.37,0.24,0.115,0.055,0.04,0.0205,0.015,0.0005,13,0.35,0.065,0.0005,240,878.9906,4,0
0.5,0.32,0.43,0.46,0.565,0.755,0.68,0.34,0.06,0.0005,25,0.36,0.64,0.045,240,698.1546859999999,4,0
0.505,0.41,0.415,0.465,0.38,0.5,0.98,0.99,0.995,0.9995,8,0.53,0.305,0.995,240,391.631325,4,1
0.505,0.56,0.61,0.7,0.68,0.595,0.705,0.29,0.06,0.1215,9,0.37,0.675,0.1345,240,355.252806,4,0
0.5,0.42,0.455,0.485,0.42,0.48,0.205,0.01,0.006,0.0005,5,0.495,0.48,0.0005,240,463.40011000000004,4,0
0.5,0.77,0.9,0.875,0.875,0.965,0.98,0.9635,0.9775,0.9995,2,0.655,0.89,0.9995,240,2563.2268889999996,4,1
0.5,0.34,0.49,0.445,0.53,0.445,0.5,0.315,0.505,0.73,42,0.44,0.44,0.66,240,278.64421100000004,4,1
0.5,0.585,0.815,0.885,0.91,0.925,0.965,0.987,0.988,0.9995,4,0.51,0.945,0.9895,240,180.0,4,1
0.5,0.585,0.61,0.685,0.76,0.545,0.625,0.645,0.505,0.99,22,0.635,0.635,0.835,240,157.596312,4,1
0.5,0.195,0.235,0.31,0.185,0.065,0.045,0.014,0.005,0.0005,1,0.34,0.145,0.0005,240,264.493719,4,0
0.5,0.74,0.835,0.85,0.91,0.905,0.96,0.987,0.9945,0.9995,2,0.44,0.94,0.9875,240,275.051,4,1
0.51,0.39,0.425,0.2,0.135,0.205,0.2,0.47,0.135,0.035,21,0.52,0.395,0.15,240,19.560899999999997,4,0
0.475,0.34,0.47,0.485,0.655,0.92,0.965,0.9675,0.985,0.9995,1,0.48,0.775,0.995,240,489.4707,4,1
0.56,0.505,0.535,0.76,0.805,0.935,0.985,0.9895,0.995,0.9995,0,0.545,0.865,0.9995,240,175.0,4,1
0.495,0.745,0.825,0.825,0.865,0.855,0.905,0.955,0.9945,0.9995,3,0.63,0.8,0.994,240,436.9835,4,1
0.495,0.285,0.245,0.115,0.09,0.06,0.025,0.005,0.023,0.0005,4,0.445,0.12,0.0005,240,427.313,4,0
0.475,0.525,0.735,0.58,0.845,0.51,0.275,0.185,0.01,0.0005,4,0.5,0.71,0.005,240,564.815106,4,0
0.535,0.56,0.515,0.35,0.6,0.535,0.535,0.54,0.565,0.9995,20,0.53,0.59,0.995,240,24.022132999999997,4,1
0.725,0.61,0.82,0.93,0.945,0.935,0.635,0.765,0.825,0.87,12,0.69,0.94,0.49,240,68.77394699999999,4,1
0.27,0.485,0.5,0.285,0.145,0.11,0.05,0.05,0.0055,0.0055,14,0.485,0.14,0.0055,240,199.9725,4,0
0.7,0.45,0.38,0.405,0.175,0.16,0.055,0.0195,0.1495,0.4755,21,0.54,0.16,0.0945,240,216.173219,4,0
0.5,0.38,0.29,0.505,0.51,0.525,0.95,0.945,0.98,0.9995,24,0.5,0.52,0.9945,240,970.5301000000001,4,1
0.42,0.775,0.735,0.835,0.61,0.595,0.125,0.025,0.0135,0.0005,12,0.77,0.58,0.0055,240,577.733716,4,0
0.5,0.44,0.345,0.385,0.16,0.095,0.05,0.021,0.014,0.0005,3,0.44,0.15,0.1005,240,215.245366,4,0
0.5,0.325,0.47,0.55,0.74,0.595,0.68,0.285,0.875,0.9995,38,0.55,0.625,0.985,240,480.868179,4,1
0.5,0.525,0.805,0.71,0.7,0.285,0.83,0.965,0.995,0.9995,28,0.525,0.54,0.995,240,611.386215,4,1
0.52,0.635,0.705,0.765,0.695,0.705,0.915,0.815,0.61,0.445,3,0.56,0.76,0.62,240,631.7810629999999,4,0
0.54,0.415,0.335,0.67,0.865,0.775,0.89,0.955,0.985,0.9995,4,0.485,0.9,0.9945,240,485.49042499999996,4,1
0.505,0.535,0.75,0.885,0.75,0.9,0.84,0.935,0.873,0.971,0,0.51,0.835,0.9595,240,240.517633,4,1
0.495,0.61,0.74,0.505,0.565,0.465,0.345,0.375,0.355,0.07,24,0.545,0.535,0.075,240,276.985199,4,0
0.5,0.135,0.12,0.05,0.04,0.033,0.016,0.012,0.0105,0.0005,1,0.175,0.035,0.005,240,67.132927,4,0
0.5,0.37,0.575,0.36,0.505,0.6,0.845,0.715,0.905,0.9995,18,0.68,0.7,0.9895,240,232.06264099999999,4,1
0.47,0.485,0.72,0.805,0.915,0.825,0.71,0.915,0.985,0.9995,15,0.53,0.905,0.9945,240,1457.983399,4,1
0.54,0.66,0.665,0.41,0.45,0.255,0.085,0.04,0.016,0.0005,7,0.64,0.345,0.0055,240,1800.3571849999998,4,0
0.505,0.275,0.19,0.235,0.19,0.065,0.054,0.0325,0.0145,0.46,5,0.245,0.09,0.749,240,1716.311296,4,0
0.5,0.395,0.575,0.43,0.365,0.205,0.09,0.13,0.103,0.0195,15,0.57,0.28,0.032,240,281.251756,4,0
0.675,0.655,0.37,0.305,0.275,0.45,0.355,0.89,0.95,0.9995,8,0.52,0.345,0.985,240,598.521975,4,1
0.5,0.64,0.8,0.27,0.34,0.075,0.065,0.051,0.02,0.0005,5,0.51,0.26,0.023,240,416.5797,4,0
0.5,0.35,0.29,0.32,0.07,0.52,0.445,0.225,0.12,0.105,15,0.455,0.325,0.445,240,117.559313,4,0
0.565,0.715,0.77,0.855,0.9,0.905,0.935,0.935,0.9805,0.9995,2,0.6,0.9,0.9795,240,500.23922400000004,4,1
0.74,0.635,0.675,0.595,0.665,0.645,0.915,0.949,0.9575,0.964,0,0.56,0.645,0.9565,240,447.069801,4,1
0.5,0.45,0.445,0.21,0.23,0.195,0.345,0.275,0.675,0.9985,16,0.42,0.165,0.955,240,650.5478559999999,4,1
0.5,0.27,0.57,0.18,0.135,0.52,0.065,0.04,0.04,0.0005,21,0.59,0.07,0.0055,240,571.21955,4,0
0.735,0.505,0.24,0.345,0.4,0.6,0.365,0.0195,0.0185,0.0005,15,0.505,0.385,0.0055,240,246.394094,4,0
0.5,0.715,0.83,0.83,0.925,0.95,0.855,0.445,0.51,0.9995,14,0.545,0.93,0.9875,240,311.767866,4,1
0.5,0.21,0.215,0.075,0.4995,0.0325,0.0225,0.0145,0.0005,0.0005,7,0.35,0.031,0.0005,240,768.829263,4,0
0.5,0.575,0.655,0.515,0.285,0.55,0.705,0.505,0.955,0.995,22,0.5,0.355,0.9945,240,488.17692400000004,4,1
0.5,0.6,0.23,0.195,0.07,0.095,0.6,0.77,0.5155,0.9995,28,0.41,0.065,0.5145,240,357.469654,4,1
0.505,0.615,0.42,0.615,0.775,0.74,0.84,0.505,0.74,0.465,37,0.5,0.755,0.705,240,0.0,4,1
0.5,0.74,0.915,0.5,0.5,0.95,0.9695,0.9865,0.9895,0.9995,0,0.65,0.5,0.9995,240,227.716409,4,1
0.5,0.61,0.9,0.805,0.505,0.75,0.915,0.9695,0.991,0.9995,6,0.59,0.77,0.9915,240,199.617972,4,1
0.5,0.73,0.72,0.735,0.935,0.975,0.98,0.98,0.9845,0.9995,2,0.65,0.975,0.989,240,435.5705,4,1
0.6,0.855,0.715,0.835,0.425,0.505,0.9995,0.9875,0.9745,0.9995,22,0.73,0.5,0.995,240,321.467114,4,1
0.5,0.475,0.235,0.24,0.495,0.495,0.125,0.07,0.006,0.0005,41,0.545,0.055,0.0005,240,1689.9353299999998,4,0
0.5,0.5,0.66,0.67,0.8775,0.5,0.6875,0.5,0.513,0.48,53,0.58,0.8485,0.662,240,219.85709500000002,4,0
0.5,0.175,0.39,0.285,0.145,0.075,0.08,0.035,0.0155,0.0005,13,0.265,0.085,0.485,240,197.2173,4,0
0.735,0.66,0.505,0.79,0.9,0.735,0.9675,0.7495,0.9835,0.9995,0,0.555,0.965,0.5145,240,215.387266,4,1
0.735,0.56,0.505,0.735,0.495,0.055,0.023,0.0145,0.0135,0.0005,3,0.52,0.055,0.0145,240,204.79541999999998,4,0
0.735,0.595,0.75,0.57,0.505,0.72,0.785,0.845,0.5195,0.9995,24,0.53,0.735,0.5145,240,288.14639999999997,4,1
0.735,0.66,0.565,0.69,0.69,0.72,0.515,0.5,0.065,0.0005,7,0.515,0.68,0.04,240,305.77258300000005,4,0
0.405,0.545,0.48,0.355,0.425,0.775,0.76,0.59,0.675,0.9995,45,0.51,0.865,0.515,240,302.854722,4,1
0.26,0.43,0.295,0.32,0.265,0.3,0.24,0.26,0.945,0.9995,3,0.32,0.25,0.9865,240,280.21841,4,1
0.5,0.545,0.615,0.615,0.845,0.525,0.75,0.515,0.9785,0.9995,28,0.505,0.915,0.9945,240,329.186558,4,1
0.5,0.55,0.6,0.57,0.595,0.82,0.655,0.315,0.5,0.03,21,0.41,0.71,0.495,240,199.97525000000002,4,0
0.5,0.535,0.585,0.485,0.685,0.67,0.84,0.97,0.96,0.9995,66,0.525,0.725,0.9995,240,316.807881,4,1
0.505,0.5,0.545,0.495,0.505,0.51,0.5,0.51,0.5,0.9995,64,0.545,0.615,0.995,240,212.10262,4,1
0.5,0.535,0.53,0.78,0.505,0.505,0.505,0.5,0.51,0.51,0,0.62,0.505,0.505,240,0.0,4,1
0.5,0.495,0.52,0.5,0.505,0.5,0.5,0.96,0.5,0.5,26,0.48,0.58,0.505,240,62.99079999999999,4,1
0.5,0.695,0.575,0.745,0.52,0.5,0.435,0.52,0.987,0.9995,24,0.565,0.72,0.988,240,571.5278999999999,4,1
0.5,0.5,0.535,0.405,0.39,0.26,0.08,0.04,0.04,0.0005,17,0.5,0.375,0.015,240,211.0224,4,0
0.5,0.5,0.525,0.5,0.54,0.535,0.5,0.5,0.5,0.505,26,0.57,0.5,0.505,240,43.96078299999999,4,1
0.5,0.64,0.5,0.5,0.495,0.495,0.495,0.49,0.305,0.0005,21,0.6,0.495,0.105,240,438.0156,4,0
0.5,0.435,0.29,0.46,0.625,0.825,0.83,0.785,0.945,0.9995,32,0.385,0.655,0.51,240,200.213663,4,1
0.5,0.28,0.285,0.23,0.26,0.23,0.555,0.5,0.315,0.9995,36,0.355,0.215,0.505,240,271.46223399999997,4,1
0.5,0.47,0.57,0.74,0.605,0.5,0.42,0.805,0.9945,0.9995,44,0.46,0.37,0.994,240,210.46295800000001,4,1
0.74,0.585,0.73,0.53,0.59,0.74,0.735,0.055,0.032,0.0005,1,0.565,0.515,0.031,240,287.479837,4,0
0.5,0.535,0.49,0.32,0.455,0.74,0.765,0.605,0.725,0.9945,48,0.395,0.585,0.415,240,463.51325,4,1
0.47,0.65,0.5,0.74,0.23,0.46,0.47,0.04,0.04,0.0005,24,0.6,0.445,0.0255,240,357.12782500000003,4,0
0.5,0.275,0.435,0.205,0.06,0.075,0.12,0.11,0.065,0.0005,23,0.37,0.09,0.065,240,399.87705300000005,4,0
0.5,0.575,0.615,0.76,0.905,0.6665,0.8075,0.9865,0.988,0.9995,22,0.51,0.775,0.9985,240,5363.092871000001,4,1
0.5,0.475,0.35,0.49,0.59,0.425,0.58,0.505,0.59,0.9995,44,0.505,0.495,0.415,240,241.305433,4,1
0.5,0.675,0.875,0.54,0.31,0.295,0.38,0.02,0.02,0.0005,7,0.57,0.24,0.0155,240,395.90898500000003,4,0
0.5,0.785,0.76,0.85,0.79,0.7995,0.9665,0.8,0.9995,0.9995,8,0.615,0.957,0.9995,240,327.545166,4,1
0.545,0.405,0.4,0.295,0.25,0.445,0.58,0.62,0.98,0.9995,32,0.565,0.405,0.9985,240,359.4806,4,1
0.5,0.52,0.245,0.18,0.155,0.295,0.49,0.49,0.51,0.5,30,0.515,0.175,0.75,240,321.73470000000003,4,1
0.4,0.485,0.485,0.93,0.905,0.92,0.79,0.935,0.51,0.9995,3,0.465,0.805,0.988,240,331.591972,4,1
0.5,0.67,0.52,0.405,0.31,0.335,0.665,0.77,0.945,0.89,24,0.67,0.31,0.96,240,52.876000000000005,4,1
0.5,0.395,0.295,0.285,0.4,0.375,0.21,0.175,0.625,0.24,33,0.325,0.575,0.71,240,45.8,4,0
